0.00000000,0.00311241,0.02753283,0.02686180,0.00141250,0.02923253,0.00657476,0.00447003,0.01864715,0.00605975,0.02726707,0.02852509,0.01712326,0.01979233,0.00592484,0.00557623,0.02609596,0.00616286,0.02646779,0.02716861,0.02671851,0.02846082,0.02846218,0.01842095,0.02756072,0.00425601,0.01254445,0.00638575,0.02756700,0.03476158,0.00645056,0.03158082,0.00550196,0.00440857,0.02528663,0.00315305,0.00327309,0.00542052,0.03210071,0.00727691,0.00969660,0.00679004,0.00975125,0.02561193,0.00725675,0.02583122,0.00459964,0.00679643,0.00706977,0.00661430,0.02659428,0.00264567,0.02402949,0.02590446,0.00868514,0.02530445,0.00794256,0.00784669,0.00442751,0.00557548,0.02437095,0.00071753,0.00316013,0.00518584,0.02638176,0.00802199,0.00981466,0.00751688,0.00252275,0.00939343,0.00034187
0.00350974,0.00000000,0.02865597,0.02864937,0.00501364,0.03028103,0.00405178,0.00311996,0.01936190,0.00335103,0.02805840,0.02972513,0.02266732,0.02075861,0.00375351,0.00837360,0.02703998,0.00347444,0.02748284,0.02782581,0.02767712,0.02961019,0.02936904,0.01797874,0.02824213,0.00168519,0.01753807,0.00369123,0.02852159,0.03676751,0.00385805,0.03318136,0.00289317,0.00818823,0.02664095,0.00013832,0.00409180,0.00370863,0.03377736,0.00514001,0.00879157,0.00491235,0.01116662,0.02606671,0.00486696,0.02658402,0.00232774,0.00452263,0.00478555,0.00831461,0.02757635,0.00167510,0.02547776,0.02665695,0.00967878,0.02590092,0.00694768,0.00545793,0.00158073,0.00279635,0.02503809,0.00430119,0.00165084,0.00240247,0.02727632,0.01015125,0.00783323,0.00597339,0.00073817,0.00746375,0.00323128
0.02351675,0.02170517,0.00000000,0.00589550,0.02399928,0.00310718,0.01901727,0.02331646,0.00872060,0.02054631,0.00278480,0.00094362,0.03719959,0.00838592,0.02217242,0.02232510,0.00122740,0.01970300,0.00093119,0.00402684,0.00089351,0.00113108,0.00327400,0.00853002,0.00430904,0.02042909,0.03335698,0.02000988,0.00157193,0.00617657,0.02078194,0.00346565,0.01967216,0.02718634,0.00439781,0.02160817,0.02477854,0.01900195,0.00390375,0.01791518,0.01523455,0.01798448,0.01783463,0.00430999,0.01841560,0.00202075,0.01995369,0.01840752,0.01827134,0.02006538,0.00083117,0.02296084,0.00631901,0.00203864,0.01777480,0.00292311,0.01673329,0.01825923,0.02062840,0.02014535,0.00275801,0.02384781,0.02280921,0.02105449,0.00124023,0.02019853,0.01636369,0.01720964,0.02187939,0.01638403,0.02322518
0.02099476,0.01985694,0.00539473,0.00000000,0.02117140,0.00819877,0.01788548,0.02169032,0.00644314,0.01940306,0.00782876,0.00597985,0.03233310,0.00552650,0.02094621,0.01885714,0.00527713,0.01853568,0.00509518,0.00891673,0.00579277,0.00630667,0.00838866,0.00999168,0.00922894,0.01874253,0.02898701,0.01893071,0.00680104,0.00873740,0.01973360,0.00701134,0.01828222,0.02407996,0.00200108,0.01976169,0.02267067,0.01728682,0.00719292,0.01678135,0.01378717,0.01659535,0.01441138,0.00878634,0.01741515,0.00650697,0.01826663,0.01721527,0.01715934,0.01684448,0.00547768,0.02100947,0.00221373,0.00658425,0.01472322,0.00723337,0.01504264,0.01744274,0.01904159,0.01884938,0.00588409,0.02117069,0.02097273,0.01970598,0.00594473,0.01659091,0.01591629,0.01579355,0.01987997,0.01575073,0.02074023
0.00134728,0.00424077,0.02680044,0.02583711,0.00000000,0.02855496,0.00741144,0.00557791,0.01805735,0.00707277,0.02668798,0.02776701,0.01534956,0.01909809,0.00699846,0.00441873,0.02543243,0.00708859,0.02577516,0.02665446,0.02605399,0.02772560,0.02784318,0.01833239,0.02704064,0.00518417,0.01096310,0.00734936,0.02691333,0.03369720,0.00746921,0.03066938,0.00638603,0.00357875,0.02443845,0.00426487,0.00417118,0.00602331,0.03115961,0.00794224,0.00983723,0.00737353,0.00900472,0.02517538,0.00802998,0.02525338,0.00542494,0.00752444,0.00779761,0.00588093,0.02591780,0.00386703,0.02313864,0.02532755,0.00813730,0.02479463,0.00816877,0.00862473,0.00542593,0.00654632,0.02381886,0.00068301,0.00435941,0.00625175,0.02574355,0.00704861,0.01039969,0.00795600,0.00364399,0.00995207,0.00151571
0.02308336,0.02120434,0.00287259,0.00828335,0.02363981,0.00000000,0.01855411,0.02248155,0.01038459,0.01986258,0.00155640,0.00226057,0.03609874,0.01025439,0.02129567,0.02245259,0.00348786,0.01915566,0.00345617,0.00208775,0.00279555,0.00191401,0.00075332,0.00862860,0.00204957,0.02003120,0.03250190,0.01937239,0.00167989,0.00513100,0.02001479,0.00310828,0.01924000,0.02653900,0.00692838,0.02112008,0.02398050,0.01882293,0.00346251,0.01761938,0.01550086,0.01780185,0.01852217,0.00316187,0.01797719,0.00291139,0.01962411,0.01806592,0.01791065,0.02038566,0.00309378,0.02233522,0.00868072,0.00282799,0.01833260,0.00311845,0.01687777,0.01775096,0.02015388,0.01959749,0.00426457,0.02344079,0.02214888,0.02040093,0.00286160,0.02065031,0.01596345,0.01715658,0.02142619,0.01607690,0.02281389
0.00814741,0.00445253,0.02759062,0.02835729,0.00962881,0.02911704,0.00000000,0.00623851,0.01830084,0.00242394,0.02667794,0.02871355,0.02933235,0.01992282,0.00486196,0.01174803,0.02582986,0.00103146,0.02633565,0.02633075,0.02646522,0.02854987,0.02808443,0.01557683,0.02676874,0.00289383,0.02367661,0.00172906,0.02728861,0.03643061,0.00305374,0.03250414,0.00133322,0.01344070,0.02592066,0.00435429,0.00854041,0.00304695,0.03316514,0.00176312,0.00675205,0.00249568,0.01223897,0.02440079,0.00091685,0.02518733,0.00270129,0.00114032,0.00115211,0.01040781,0.02639149,0.00604885,0.02494184,0.02525848,0.01047504,0.02436318,0.00536953,0.00157808,0.00271658,0.00164137,0.02359178,0.00895818,0.00567823,0.00296185,0.02600808,0.01239068,0.00418614,0.00369767,0.00505246,0.00388884,0.00778090
0.00448449,0.00277570,0.02738664,0.02784152,0.00586684,0.02856250,0.00505061,0.00000000,0.01961944,0.00334460,0.02659197,0.02829167,0.02003063,0.02089744,0.00191436,0.00978608,0.02596183,0.00424670,0.02637156,0.02625663,0.02647231,0.02815436,0.02771187,0.01761248,0.02659464,0.00390385,0.01563175,0.00395702,0.02712095,0.03453444,0.00328556,0.03135862,0.00438194,0.00736799,0.02594654,0.00288579,0.00240432,0.00580367,0.03189433,0.00638958,0.01015705,0.00653996,0.01270715,0.02469989,0.00575846,0.02542726,0.00451766,0.00581327,0.00594286,0.01007967,0.02641540,0.00191312,0.02504389,0.02548301,0.01138650,0.02474202,0.00865065,0.00601070,0.00343083,0.00373069,0.02414873,0.00514864,0.00149132,0.00265772,0.02610059,0.01168744,0.00828277,0.00757310,0.00317126,0.00816186,0.00443328
0.01905076,0.01754160,0.01043085,0.00842213,0.01934121,0.01343558,0.01508798,0.01997945,0.00000000,0.01708438,0.01177656,0.01155829,0.03445155,0.00137773,0.01909614,0.01665490,0.00911600,0.01593325,0.00934275,0.01253032,0.00997297,0.01169037,0.01302914,0.00760386,0.01304022,0.01609548,0.02994995,0.01648234,0.01129618,0.01750045,0.01755288,0.01440408,0.01554100,0.02316325,0.00686140,0.01741688,0.02121380,0.01418380,0.01486985,0.01363547,0.00963604,0.01332509,0.01103807,0.01134382,0.01451315,0.00970338,0.01547108,0.01418826,0.01413901,0.01396288,0.00967615,0.01904527,0.00554121,0.00981982,0.01117148,0.00982443,0.01124713,0.01462161,0.01650193,0.01631009,0.00794627,0.01930578,0.01900620,0.01742515,0.00978309,0.01390400,0.01280132,0.01226804,0.01756447,0.01248599,0.01871498
0.00698669,0.00342623,0.02773473,0.02862274,0.00854941,0.02900145,0.00225527,0.00384378,0.01928041,0.00000000,0.02673959,0.02875379,0.02630268,0.02079106,0.00227642,0.01158911,0.02610607,0.00131680,0.02658363,0.02633660,0.02666698,0.02858298,0.02801798,0.01643073,0.02672255,0.00292241,0.02111649,0.00072413,0.02737545,0.03591259,0.00073240,0.03227133,0.00217634,0.01150409,0.02633053,0.00340933,0.00633266,0.00438114,0.03288846,0.00389565,0.00852663,0.00445786,0.01309688,0.02454899,0.00294292,0.02544093,0.00328674,0.00329593,0.00332432,0.01089338,0.02661558,0.00436037,0.02545207,0.02550189,0.01146739,0.02463131,0.00713086,0.00309397,0.00228755,0.00118645,0.02401179,0.00780624,0.00385683,0.00103211,0.02623441,0.01278938,0.00569514,0.00563376,0.00416572,0.00562027,0.00672165
0.02342452,0.02137551,0.00280091,0.00860497,0.02403686,0.00169325,0.01849458,0.02277088,0.00990264,0.01992371,0.00000000,0.00265660,0.03761461,0.00987446,0.02148863,0.02279656,0.00288143,0.01915050,0.00301506,0.00125148,0.00223953,0.00227579,0.00108203,0.00769592,0.00154481,0.02009926,0.03369662,0.01938979,0.00124831,0.00709053,0.02009390,0.00461646,0.01923897,0.02718643,0.00683406,0.02128385,0.02439661,0.01878728,0.00505616,0.01747557,0.01518613,0.01767452,0.01858462,0.00192666,0.01786744,0.00179201,0.01965673,0.01796155,0.01779309,0.02055563,0.00258950,0.02260599,0.00860950,0.00168865,0.01834125,0.00174670,0.01668161,0.01762496,0.02023292,0.01963005,0.00323472,0.02381618,0.02240392,0.02050597,0.00211812,0.02087806,0.01568093,0.01697478,0.02161734,0.01579996,0.02313145
0.02340187,0.02162563,0.00090634,0.00627680,0.02388264,0.00234859,0.01900949,0.02313552,0.00928148,0.02045982,0.00253698,0.00000000,0.03659982,0.00895843,0.02200981,0.02231981,0.00202702,0.01966292,0.00178637,0.00370182,0.00149028,0.00038737,0.00270147,0.00884612,0.00389669,0.02039961,0.03290299,0.01994492,0.00138306,0.00512432,0.02067323,0.00251448,0.01965483,0.02693873,0.00501132,0.02153331,0.02456894,0.01904645,0.00294908,0.01796516,0.01544878,0.01805360,0.01802472,0.00424925,0.01842654,0.00242032,0.01994815,0.01843726,0.01830065,0.02015052,0.00159389,0.02282766,0.00688201,0.00240188,0.01795561,0.00318996,0.01688940,0.01825982,0.02058014,0.02009484,0.00341239,0.02372814,0.02267347,0.02096218,0.00179270,0.02029174,0.01642797,0.01732066,0.02180383,0.01646678,0.02312159
0.00822689,0.00965763,0.02092477,0.01987562,0.00773169,0.02196385,0.01137250,0.00959270,0.01620161,0.01096055,0.02103650,0.02143407,0.00000000,0.01661188,0.01050879,0.00837810,0.02024706,0.01113457,0.02040133,0.02107357,0.02059328,0.02143977,0.02163018,0.01691432,0.02127688,0.01026918,0.00221051,0.01117987,0.02108375,0.02436798,0.01106027,0.02286501,0.01086143,0.00617407,0.01939844,0.00969058,0.00844127,0.01076551,0.02310145,0.01171683,0.01257379,0.01144566,0.01103877,0.02033579,0.01170804,0.02024949,0.01043363,0.01149145,0.01162349,0.00965005,0.02050223,0.00914399,0.01856670,0.02029145,0.01095573,0.02006745,0.01175777,0.01197932,0.01032376,0.01084191,0.01948459,0.00793553,0.00935665,0.01053272,0.02045216,0.00968908,0.01294215,0.01172738,0.00941370,0.01273321,0.00837814
0.01933572,0.01798387,0.00959152,0.00690777,0.01956065,0.01268647,0.01570632,0.02034950,0.00131743,0.01761665,0.01122909,0.01066772,0.03377794,0.00000000,0.01953756,0.01680916,0.00843309,0.01651258,0.00859183,0.01208395,0.00928032,0.01084451,0.01238807,0.00827287,0.01257131,0.01661581,0.02951716,0.01704492,0.01061261,0.01612332,0.01807197,0.01324747,0.01611698,0.02320227,0.00567011,0.01786431,0.02148022,0.01477854,0.01366679,0.01431653,0.01046275,0.01399525,0.01133531,0.01107237,0.01516618,0.00920235,0.01601675,0.01484034,0.01479993,0.01425689,0.00895973,0.01941537,0.00414103,0.00931807,0.01158908,0.00946435,0.01196840,0.01528131,0.01701727,0.01686256,0.00755520,0.01955452,0.01939202,0.01792623,0.00914962,0.01408263,0.01355576,0.01298095,0.01798575,0.01324880,0.01901829
0.00618228,0.00347321,0.02708688,0.02796418,0.00765604,0.02814044,0.00409396,0.00199110,0.01950375,0.00206019,0.02610050,0.02799402,0.02282318,0.02086793,0.00000000,0.01121804,0.02561905,0.00323097,0.02605477,0.02568570,0.02610957,0.02782877,0.02723703,0.01679962,0.02602046,0.00391659,0.01823675,0.00269754,0.02671666,0.03445671,0.00170017,0.03117016,0.00379550,0.00960886,0.02588570,0.00353497,0.00449100,0.00567385,0.03172963,0.00557727,0.00974333,0.00601060,0.01340677,0.02407577,0.00472013,0.02497961,0.00445378,0.00501989,0.00506375,0.01105525,0.02607272,0.00343714,0.02509374,0.02503167,0.01196139,0.02422246,0.00839453,0.00479144,0.00328916,0.00291249,0.02371849,0.00691954,0.00289485,0.00187011,0.02571427,0.01277133,0.00709947,0.00709222,0.00410973,0.00709850,0.00604284
0.00525220,0.00699414,0.02461883,0.02272483,0.00436342,0.02678146,0.00892947,0.00918769,0.01535475,0.00946747,0.02499411,0.02562521,0.01642467,0.01620627,0.01012617,0.00000000,0.02329847,0.00899404,0.02359201,0.02518381,0.02399392,0.02565130,0.02617195,0.01725344,0.02560481,0.00710080,0.01225829,0.00948464,0.02499877,0.03135181,0.01001092,0.02841336,0.00807900,0.00704037,0.02165090,0.00694639,0.00833117,0.00674796,0.02887341,0.00877817,0.00882184,0.00791496,0.00539073,0.02377098,0.00930638,0.02337271,0.00695993,0.00859900,0.00887639,0.00249428,0.02380280,0.00739383,0.02010854,0.02345952,0.00505711,0.02308146,0.00745896,0.00996694,0.00759870,0.00862942,0.02184119,0.00486794,0.00780291,0.00884278,0.02372876,0.00292030,0.01105531,0.00797119,0.00641882,0.01045921,0.00516671
0.02356891,0.02165678,0.00129785,0.00609801,0.02408151,0.00398926,0.01882557,0.02337215,0.00805880,0.02044988,0.00302930,0.00223152,0.03806089,0.00779632,0.02217465,0.02234051,0.00000000,0.01955264,0.00040321,0.00422699,0.00079283,0.00228486,0.00389038,0.00780117,0.00461102,0.02030761,0.03399225,0.01988265,0.00207909,0.00782790,0.02070521,0.00495878,0.01951212,0.02745052,0.00415641,0.02155403,0.02490844,0.01879565,0.00542445,0.01765524,0.01481132,0.01772242,0.01762787,0.00410816,0.01819155,0.00144704,0.01980387,0.01817602,0.01803408,0.01995267,0.00049565,0.02298537,0.00604226,0.00152608,0.01753857,0.00237602,0.01639617,0.01803368,0.02052109,0.02001749,0.00165500,0.02391971,0.02282726,0.02098099,0.00080259,0.02011769,0.01603570,0.01690108,0.02183899,0.01604765,0.02326059
0.00745463,0.00372692,0.02790292,0.02868643,0.00898946,0.02934325,0.00100683,0.00512026,0.01886464,0.00138149,0.02696446,0.02899135,0.02803291,0.02044538,0.00374545,0.01155043,0.02618683,0.00000000,0.02668265,0.02659729,0.02679798,0.02882576,0.02832719,0.01613120,0.02701717,0.00252512,0.02253770,0.00080551,0.02758347,0.03651831,0.00205628,0.03268897,0.00120028,0.01249262,0.02630771,0.00365569,0.00747308,0.00343890,0.03333491,0.00272077,0.00756486,0.00330848,0.01257221,0.02471572,0.00182326,0.02553867,0.00261592,0.00207825,0.00213010,0.01051071,0.02673124,0.00512973,0.02535110,0.02560644,0.01085345,0.02471991,0.00612023,0.00221973,0.00210868,0.00074171,0.02399831,0.00828020,0.00471163,0.00191603,0.02634944,0.01247964,0.00492823,0.00453295,0.00440311,0.00472422,0.00712361
0.02353380,0.02166993,0.00096936,0.00579640,0.02402733,0.00389168,0.01889637,0.02337262,0.00813110,0.02050085,0.00312061,0.00193608,0.03775581,0.00781982,0.02220186,0.02227096,0.00039695,0.01961370,0.00000000,0.00434759,0.00080786,0.00205176,0.00388087,0.00806975,0.00470574,0.02034208,0.03375679,0.01994244,0.00205812,0.00738539,0.02075576,0.00456984,0.01956630,0.02734722,0.00398224,0.02156842,0.02487427,0.01884566,0.00502114,0.01773946,0.01491251,0.01779667,0.01760027,0.00433411,0.01827401,0.00172874,0.01984397,0.01825233,0.01811473,0.01991857,0.00044221,0.02297940,0.00590127,0.00179345,0.01753427,0.00267108,0.01647171,0.01812363,0.02055675,0.02006892,0.00201558,0.02387405,0.02282725,0.02101922,0.00097734,0.02005930,0.01616029,0.01698304,0.02184434,0.01616663,0.02323043
0.02299050,0.02088096,0.00398950,0.00965408,0.02364726,0.00223731,0.01798061,0.02214712,0.01037872,0.01932965,0.00123275,0.00381832,0.03711677,0.01046710,0.02083052,0.02262570,0.00396046,0.01860693,0.00413766,0.00000000,0.00338954,0.00343121,0.00143043,0.00740467,0.00042285,0.01963431,0.03324179,0.01880952,0.00246000,0.00773477,0.01946585,0.00549191,0.01874769,0.02671292,0.00784074,0.02079381,0.02381134,0.01840588,0.00589824,0.01702507,0.01497389,0.01727791,0.01863188,0.00132011,0.01735736,0.00272084,0.01921715,0.01749585,0.01731690,0.02044386,0.00372569,0.02207225,0.00952120,0.00262272,0.01831549,0.00227071,0.01642698,0.01708139,0.01973510,0.01909200,0.00397521,0.02340059,0.02185191,0.01993217,0.00322131,0.02084100,0.01516567,0.01663018,0.02114773,0.01532723,0.02270325
0.02370158,0.02177245,0.00092798,0.00657470,0.02423087,0.00314050,0.01894526,0.02340744,0.00865944,0.02051739,0.00231254,0.00161142,0.03802256,0.00842684,0.02219690,0.02259777,0.00077872,0.01965274,0.00080598,0.00355324,0.00000000,0.00156308,0.00307573,0.00798574,0.00390005,0.02044678,0.03401616,0.01996050,0.00127191,0.00715129,0.02075189,0.00433011,0.01964134,0.02753183,0.00477647,0.02167270,0.02495469,0.01898631,0.00480020,0.01781441,0.01510407,0.01791030,0.01801044,0.00365200,0.01831575,0.00117492,0.01995911,0.01832496,0.01817776,0.02025557,0.00036491,0.02307196,0.00667440,0.00120136,0.01789606,0.00212224,0.01666199,0.01813923,0.02064165,0.02011861,0.00208263,0.02405835,0.02290518,0.02105747,0.00036133,0.02044611,0.01616157,0.01711945,0.02196642,0.01619826,0.02339844
0.02345853,0.02164294,0.00109149,0.00665086,0.02395875,0.00199786,0.01898968,0.02313110,0.00943152,0.02043357,0.00218350,0.00038919,0.03678108,0.00914956,0.02198240,0.02244721,0.00208519,0.01964222,0.00190198,0.00334211,0.00145235,0.00000000,0.00232599,0.00873315,0.00353011,0.02041136,0.03305862,0.01991669,0.00106068,0.00524186,0.02063941,0.00264101,0.01964964,0.02702319,0.00531403,0.02155091,0.02459230,0.01906706,0.00308384,0.01795128,0.01547341,0.01805703,0.01816935,0.00393823,0.01840073,0.00225529,0.01996215,0.01842478,0.01828334,0.02027029,0.00163378,0.02284700,0.00717981,0.00222259,0.01807494,0.00296909,0.01692096,0.01822210,0.02058410,0.02008093,0.00337603,0.02379433,0.02268548,0.02094782,0.00171376,0.02043790,0.01637543,0.01733037,0.02183086,0.01642710,0.02317681
0.02315179,0.02118496,0.00311795,0.00873038,0.02374461,0.00077600,0.01843495,0.02246877,0.01037367,0.01976680,0.00102453,0.00267851,0.03662076,0.01031470,0.02123263,0.02260226,0.00350382,0.01904917,0.00355035,0.00137499,0.00282033,0.00229546,0.00000000,0.00821820,0.00136331,0.01997933,0.03290808,0.01926329,0.00167340,0.00606144,0.01991530,0.00393688,0.01915180,0.02671885,0.00719091,0.02109912,0.02403148,0.01875501,0.00431569,0.01748598,0.01537068,0.01769196,0.01862149,0.00250339,0.01783885,0.00265550,0.01956581,0.01794379,0.01777985,0.02048245,0.00315123,0.02234379,0.00893968,0.00256048,0.01838907,0.00267667,0.01678328,0.01759534,0.02009611,0.01950807,0.00404831,0.02352879,0.02214526,0.02032950,0.00279956,0.02079235,0.01575311,0.01704057,0.02142276,0.01588230,0.02287458
0.01984683,0.01717749,0.01075976,0.01377342,0.02070752,0.01177298,0.01354311,0.01891458,0.00801888,0.01535392,0.00965179,0.01161738,0.03793014,0.00912371,0.01734628,0.01973578,0.00930621,0.01436819,0.00977833,0.00942766,0.00969905,0.01141554,0.01088528,0.00000000,0.00984731,0.01558361,0.03298320,0.01468169,0.01024119,0.01824216,0.01559215,0.01486736,0.01448228,0.02458934,0.01109580,0.01706459,0.02094774,0.01400817,0.01544641,0.01227564,0.00975901,0.01257157,0.01526740,0.00774879,0.01275710,0.00846764,0.01504450,0.01288190,0.01266621,0.01705770,0.00971478,0.01870982,0.01151311,0.00851498,0.01457087,0.00766518,0.01156413,0.01246564,0.01573268,0.01496743,0.00733672,0.02037692,0.01844890,0.01606997,0.00927639,0.01781484,0.01003289,0.01175116,0.01750361,0.01016415,0.01948156
0.02284526,0.02075987,0.00418176,0.00978772,0.02349916,0.00215147,0.01790579,0.02197338,0.01058012,0.01921174,0.00149056,0.00393711,0.03670832,0.01066651,0.02067036,0.02253340,0.00423191,0.01851406,0.00438692,0.00041421,0.00364427,0.00355010,0.00138926,0.00757607,0.00000000,0.01954172,0.03291030,0.01870406,0.00266236,0.00749786,0.01933684,0.00540008,0.01866474,0.02649386,0.00804222,0.02067525,0.02361840,0.01835296,0.00578215,0.01698182,0.01501579,0.01724198,0.01864256,0.00162368,0.01729440,0.00304910,0.01913749,0.01744081,0.01726262,0.02040053,0.00397893,0.02192145,0.00970815,0.00295158,0.01832354,0.00263698,0.01643453,0.01701509,0.01963334,0.01899202,0.00430156,0.02325179,0.02170069,0.01980893,0.00350098,0.02080006,0.01514002,0.01661669,0.02102748,0.01530899,0.02256428
0.00510026,0.00179086,0.02866236,0.02873703,0.00651326,0.03039930,0.00279848,0.00466315,0.01887964,0.00303748,0.02803737,0.02979805,0.02561394,0.02038203,0.00449806,0.00903434,0.02694524,0.00250166,0.02741640,0.02780507,0.02762164,0.02967618,0.02943432,0.01733319,0.02825184,0.00000000,0.02013194,0.00304339,0.02852141,0.03728201,0.00376563,0.03347100,0.00151003,0.01028872,0.02656658,0.00165703,0.00612278,0.00227448,0.03410438,0.00371740,0.00760600,0.00343072,0.01089956,0.02593560,0.00359671,0.02646139,0.00073785,0.00308911,0.00339733,0.00833211,0.02751478,0.00355798,0.02537513,0.02653923,0.00924418,0.02573968,0.00570706,0.00432370,0.00072764,0.00195105,0.02481719,0.00587031,0.00342387,0.00243546,0.02719578,0.01030778,0.00668131,0.00457601,0.00217393,0.00622700,0.00473661
0.00708774,0.00878738,0.02206564,0.02095483,0.00649411,0.02325586,0.01079533,0.00880362,0.01656352,0.01034812,0.02216207,0.02266043,0.00259956,0.01707134,0.00987487,0.00735336,0.02126523,0.01052743,0.02145078,0.02219523,0.02166590,0.02266144,0.02285823,0.01729697,0.02243276,0.00949189,0.00000000,0.01059494,0.02223119,0.02612613,0.01048227,0.02435182,0.01019205,0.00471075,0.02034048,0.00882391,0.00745488,0.01006148,0.02463252,0.01118569,0.01219757,0.01086190,0.01053772,0.02132601,0.01118625,0.02124890,0.00967872,0.01092379,0.01108034,0.00884217,0.02156343,0.00821231,0.01939794,0.02129735,0.01038528,0.02102485,0.01123401,0.01151119,0.00956602,0.01018492,0.02035708,0.00673933,0.00847114,0.00984309,0.02149657,0.00896232,0.01263036,0.01119191,0.00849215,0.01238031,0.00726335
0.00752875,0.00385925,0.02762031,0.02855629,0.00908426,0.02892418,0.00164506,0.00465025,0.01902084,0.00074047,0.02661040,0.02866285,0.02743457,0.02057037,0.00304794,0.01187219,0.02595486,0.00078512,0.02644323,0.02620639,0.02652877,0.02848881,0.02792060,0.01606599,0.02660363,0.00299418,0.02210818,0.00000000,0.02725566,0.03598413,0.00126033,0.03226014,0.00189667,0.01228699,0.02620023,0.00381663,0.00713347,0.00412360,0.03289113,0.00330873,0.00806693,0.00397968,0.01303401,0.02437727,0.00228693,0.02527631,0.00321100,0.00272855,0.00271888,0.01096678,0.02647593,0.00500920,0.02532037,0.02533890,0.01135953,0.02445083,0.00672283,0.00242580,0.00245209,0.00107485,0.02381334,0.00835446,0.00453227,0.00163512,0.02608662,0.01289333,0.00509002,0.00515357,0.00458020,0.00500673,0.00723225
0.02362206,0.02167322,0.00157701,0.00745638,0.02417829,0.00182295,0.01886991,0.02316490,0.00947458,0.02034571,0.00124514,0.00144459,0.03760340,0.00930865,0.02194008,0.02274293,0.00197258,0.01954040,0.00198347,0.00249105,0.00122862,0.00110271,0.00176284,0.00814516,0.00275226,0.02039435,0.03371589,0.01980954,0.00000000,0.00637042,0.02054452,0.00373291,0.01957717,0.02734898,0.00581374,0.02157904,0.02472227,0.01902871,0.00419109,0.01781189,0.01534226,0.01795466,0.01839598,0.00299593,0.01825220,0.00149205,0.01993641,0.01830202,0.01814719,0.02048885,0.00156903,0.02291698,0.00766955,0.00142501,0.01823452,0.00206679,0.01684485,0.01804649,0.02055696,0.02000489,0.00288972,0.02398773,0.02273649,0.02089711,0.00128346,0.02072698,0.01611759,0.01721978,0.02188599,0.01619402,0.02332913
0.02151481,0.02018012,0.00447568,0.00691902,0.02186562,0.00402168,0.01819553,0.02130530,0.01060199,0.01927827,0.00510840,0.00386590,0.03139124,0.01021478,0.02043805,0.02060156,0.00536435,0.01868551,0.00514088,0.00565724,0.00498951,0.00393614,0.00461209,0.01047937,0.00559847,0.01925520,0.02861916,0.01889028,0.00460127,0.00000000,0.01942968,0.00196968,0.01868914,0.02417548,0.00674733,0.02011059,0.02239877,0.01823443,0.00164706,0.01741400,0.01551355,0.01748563,0.01727981,0.00646995,0.01775331,0.00562170,0.01891511,0.01776979,0.01766449,0.01896257,0.00505530,0.02108626,0.00810440,0.00559050,0.01728939,0.00609258,0.01659989,0.01761750,0.01938918,0.01901493,0.00644011,0.02175620,0.02096785,0.01966590,0.00521028,0.01900881,0.01622892,0.01693283,0.02031519,0.01627099,0.02130346
0.00722822,0.00383375,0.02726426,0.02829207,0.00877483,0.02840223,0.00276138,0.00366979,0.01925231,0.00071181,0.02620995,0.02823704,0.02579590,0.02072890,0.00182581,0.01190989,0.02568903,0.00190491,0.02615763,0.02577665,0.02621362,0.02805938,0.02743499,0.01621665,0.02614052,0.00352113,0.02078898,0.00119787,0.02686594,0.03517724,0.00000000,0.03164768,0.00281939,0.01145174,0.02602803,0.00383629,0.00623491,0.00496470,0.03224850,0.00433849,0.00886365,0.00496809,0.01343823,0.02404531,0.00333416,0.02499975,0.00390097,0.00379101,0.00377709,0.01128830,0.02617502,0.00452518,0.02522617,0.02505576,0.01185359,0.02418837,0.00757405,0.00333430,0.00288215,0.00186424,0.02364724,0.00803074,0.00399158,0.00144756,0.02578889,0.01313231,0.00579854,0.00609267,0.00456524,0.00581327,0.00699417
0.02249558,0.02095991,0.00289023,0.00638998,0.02290386,0.00280390,0.01868411,0.02226526,0.01004291,0.01993764,0.00382782,0.00218323,0.03389972,0.00965925,0.02127847,0.02148799,0.00391095,0.01925002,0.00366101,0.00462291,0.00347702,0.00228240,0.00344754,0.00982944,0.00464054,0.01989542,0.03070074,0.01949079,0.00310308,0.00226690,0.02011784,0.00000000,0.01924752,0.02556061,0.00582782,0.02087976,0.02351512,0.01871904,0.00038299,0.01778024,0.01558903,0.01785843,0.01770249,0.00542517,0.01817674,0.00423114,0.01950330,0.01819000,0.01807040,0.01960227,0.00355201,0.02200352,0.00744973,0.00420090,0.01768403,0.00481662,0.01683950,0.01802676,0.02005166,0.01962680,0.00514530,0.02277509,0.02186904,0.02037826,0.00373459,0.01968454,0.01643247,0.01722118,0.02111411,0.01647308,0.02225231
0.00676327,0.00315380,0.02831163,0.02875362,0.00823000,0.02995103,0.00132251,0.00536912,0.01869901,0.00232033,0.02752891,0.02945000,0.02778929,0.02027961,0.00447132,0.01054378,0.02655692,0.00121977,0.02705040,0.02723367,0.02721733,0.02930493,0.02894227,0.01652332,0.02767935,0.00154894,0.02217404,0.00197752,0.02808413,0.03711852,0.00309286,0.03321546,0.00000000,0.01203904,0.02642316,0.00304519,0.00738316,0.00235428,0.03386866,0.00253309,0.00711672,0.00267120,0.01165334,0.02531687,0.00216803,0.02598508,0.00146297,0.00182959,0.00207969,0.00946620,0.02712711,0.00482966,0.02533357,0.02606003,0.00991277,0.02520313,0.00542344,0.00288784,0.00144192,0.00107314,0.02435251,0.00756430,0.00453266,0.00230768,0.02677133,0.01147061,0.00538647,0.00395168,0.00370639,0.00499346,0.00639736
0.00349767,0.00576093,0.02525253,0.02444336,0.00297675,0.02666445,0.00860524,0.00582676,0.01798790,0.00791619,0.02510734,0.02605160,0.01019537,0.01884291,0.00730601,0.00593029,0.02411378,0.00819389,0.02440167,0.02504500,0.02462357,0.02601141,0.02606046,0.01810708,0.02535831,0.00681166,0.00661476,0.00826829,0.02532174,0.03098973,0.00810808,0.02846939,0.00777022,0.00000000,0.02330009,0.00581911,0.00398260,0.00779640,0.02887859,0.00924860,0.01111916,0.00888424,0.01023102,0.02381082,0.00916923,0.02394229,0.00712556,0.00885198,0.00906051,0.00760131,0.02451510,0.00491684,0.02220097,0.02400237,0.00961904,0.02354238,0.00972652,0.00960047,0.00686745,0.00770974,0.02276271,0.00311321,0.00528240,0.00720733,0.02436206,0.00835835,0.01123450,0.00945383,0.00537994,0.01092456,0.00376439
0.02181560,0.02038203,0.00444208,0.00220885,0.02210444,0.00756964,0.01804605,0.02231273,0.00579414,0.01970239,0.00686314,0.00526993,0.03483324,0.00500730,0.02140246,0.01983132,0.00397034,0.01876357,0.00386393,0.00799378,0.00464535,0.00556220,0.00762682,0.00888496,0.00837041,0.01912592,0.03105854,0.01917214,0.00585334,0.00940525,0.02003933,0.00705844,0.01854477,0.02533687,0.00000000,0.02027810,0.02350778,0.01755058,0.00736759,0.01684238,0.01365593,0.01670668,0.01501682,0.00768835,0.01750047,0.00524460,0.01860856,0.01733070,0.01724922,0.01756676,0.00429101,0.02166212,0.00198505,0.00533892,0.01520838,0.00596652,0.01509841,0.01748628,0.01942373,0.01913785,0.00437171,0.02205492,0.02159018,0.02008366,0.00473630,0.01744316,0.01573351,0.01583948,0.02045019,0.01559428,0.02152852
0.00357397,0.00013904,0.02867551,0.02865946,0.00506822,0.03031674,0.00398288,0.00326049,0.01932370,0.00335175,0.02808262,0.02975137,0.02286233,0.02072728,0.00384002,0.00835946,0.02705092,0.00342567,0.02749562,0.02785304,0.02769285,0.02963684,0.02940138,0.01795297,0.02827255,0.00156734,0.01770208,0.00366935,0.02854458,0.03683040,0.00388059,0.03322549,0.00280799,0.00831372,0.02664224,0.00000000,0.00424789,0.00358999,0.03382438,0.00505213,0.00870049,0.00480889,0.01110437,0.02608479,0.00479784,0.02659628,0.00220635,0.00443516,0.00470344,0.00825911,0.02759067,0.00181917,0.02547124,0.02666985,0.00960497,0.02591206,0.00684523,0.00540273,0.00149826,0.00275004,0.02503973,0.00436336,0.00179757,0.00241633,0.02729044,0.01010832,0.00777487,0.00587103,0.00074363,0.00739513,0.00328382
0.00304249,0.00337293,0.02696628,0.02696251,0.00406500,0.02822911,0.00640635,0.00222773,0.01930147,0.00510554,0.02639788,0.02783779,0.01633167,0.02043841,0.00400076,0.00822200,0.02563611,0.00574285,0.02600445,0.02615619,0.02614923,0.02773432,0.02746224,0.01807299,0.02648602,0.00474931,0.01226468,0.00562422,0.02681834,0.03364015,0.00517211,0.03068635,0.00558309,0.00466614,0.02532838,0.00348357,0.00000000,0.00641869,0.03117914,0.00749672,0.01061572,0.00740643,0.01185315,0.02470796,0.00709261,0.02522865,0.00529125,0.00696657,0.00714525,0.00907329,0.02607356,0.00199223,0.02434280,0.02528622,0.01075285,0.02464151,0.00907512,0.00744521,0.00452032,0.00519415,0.02397800,0.00346080,0.00215620,0.00433826,0.02581496,0.01044598,0.00952692,0.00829548,0.00332677,0.00931959,0.00316897
0.00674404,0.00409181,0.02767904,0.02751812,0.00785678,0.02965745,0.00305918,0.00719746,0.01727318,0.00472770,0.02720890,0.02888484,0.02787821,0.01882121,0.00676527,0.00891356,0.02589229,0.00353716,0.02637037,0.02706168,0.02662900,0.02878125,0.02868668,0.01617640,0.02754736,0.00236142,0.02215566,0.00435156,0.02762870,0.03665501,0.00551237,0.03269559,0.00238285,0.01222624,0.02531014,0.00394051,0.00859121,0.00000000,0.03334861,0.00273013,0.00562005,0.00177287,0.00941284,0.02512409,0.00340032,0.02547629,0.00159622,0.00244667,0.00281158,0.00739164,0.02649721,0.00593239,0.02402032,0.02556305,0.00765034,0.02478352,0.00357887,0.00427027,0.00297419,0.00345220,0.02370985,0.00738755,0.00587549,0.00453566,0.02619798,0.00938199,0.00590512,0.00262731,0.00420978,0.00522183,0.00632356
0.02232511,0.02083177,0.00317859,0.00640042,0.02271960,0.00304956,0.01861319,0.02211005,0.01012246,0.01983836,0.00409324,0.00250002,0.03344022,0.00972931,0.02114812,0.02131948,0.00417704,0.01916613,0.00392742,0.00484753,0.00376334,0.00260206,0.00368989,0.00997074,0.00485135,0.01979246,0.03032016,0.01940203,0.00340156,0.00185076,0.02001494,0.00037393,0.01916186,0.02531478,0.00593921,0.02075339,0.02332767,0.01864135,0.00000000,0.01772942,0.01558158,0.01780331,0.01761063,0.00565177,0.01811817,0.00450483,0.01940892,0.01812959,0.01801333,0.01947804,0.00383061,0.02185123,0.00751130,0.00447545,0.01760239,0.00507555,0.01680222,0.01797276,0.01994631,0.01953349,0.00539014,0.02259615,0.02172091,0.02026766,0.00401678,0.01954850,0.01641663,0.01717953,0.02098081,0.01645526,0.02208764
0.00925361,0.00579628,0.02667219,0.02730331,0.01058855,0.02837408,0.00180928,0.00809904,0.01697205,0.00429662,0.02586801,0.02784656,0.03101165,0.01863538,0.00679694,0.01185134,0.02485830,0.00286030,0.02537056,0.02558420,0.02553703,0.02769530,0.02733617,0.01448868,0.02605210,0.00394470,0.02517506,0.00356874,0.02643295,0.03577868,0.00492344,0.03174153,0.00262045,0.01482380,0.02482512,0.00566786,0.01025566,0.00279041,0.03241750,0.00000000,0.00513868,0.00125097,0.01135002,0.02360062,0.00127086,0.02426083,0.00340552,0.00073376,0.00063740,0.01000955,0.02544590,0.00759471,0.02379262,0.02433852,0.00955564,0.02345538,0.00391298,0.00194278,0.00408155,0.00338541,0.02257498,0.01000827,0.00730815,0.00477815,0.02507496,0.01194792,0.00329090,0.00214627,0.00624772,0.00269168,0.00884390
0.01209309,0.00972312,0.02224442,0.02199974,0.01286236,0.02448167,0.00679538,0.01262650,0.01176297,0.00922314,0.02204615,0.02348490,0.03263887,0.01335674,0.01164537,0.01168090,0.02045246,0.00779965,0.02091676,0.02206843,0.02123474,0.02341265,0.02356648,0.01129652,0.02259232,0.00791562,0.02692371,0.00853328,0.02232950,0.03126015,0.00986498,0.02729377,0.00722035,0.01747870,0.01974073,0.00957287,0.01424281,0.00563351,0.02794154,0.00503971,0.00000000,0.00451053,0.00809308,0.02014938,0.00622684,0.02015986,0.00716252,0.00565819,0.00566468,0.00879086,0.02107490,0.01157370,0.01851086,0.02025573,0.00664257,0.01956137,0.00219032,0.00659234,0.00838537,0.00819251,0.01830787,0.01259055,0.01147863,0.00954074,0.02081964,0.01010096,0.00540391,0.00321475,0.00984273,0.00464062,0.01166739
0.00865284,0.00555133,0.02683229,0.02705808,0.00985126,0.02872888,0.00256647,0.00830728,0.01662098,0.00492715,0.02621814,0.02804315,0.03035835,0.01825592,0.00734061,0.01070865,0.02500594,0.00348555,0.02550650,0.02601935,0.02572908,0.02791768,0.02771698,0.01486951,0.02650745,0.00364823,0.02449829,0.00430154,0.02670149,0.03600225,0.00564991,0.03194890,0.00276919,0.01427006,0.02467746,0.00540645,0.01015369,0.00181587,0.03262182,0.00125363,0.00460888,0.00000000,0.01017697,0.02403249,0.00238818,0.02450641,0.00294720,0.00144509,0.00167243,0.00878336,0.02561273,0.00743032,0.02350544,0.02459088,0.00837123,0.02375741,0.00296501,0.00316830,0.00401600,0.00378766,0.02274538,0.00934514,0.00724744,0.00514849,0.02527807,0.01071997,0.00429179,0.00132872,0.00585046,0.00355303,0.00822738
0.01000122,0.01015631,0.02141560,0.01891135,0.00968261,0.02405757,0.01012972,0.01299087,0.01108118,0.01165048,0.02218779,0.02253397,0.02356483,0.01190043,0.01317785,0.00587002,0.02001826,0.01066008,0.02030194,0.02258230,0.02082342,0.02260886,0.02347961,0.01453378,0.02306708,0.00932851,0.01912859,0.01133862,0.02201848,0.02863477,0.01229987,0.02548902,0.00972307,0.01322608,0.01785231,0.01004770,0.01307840,0.00775950,0.02597100,0.00915430,0.00665562,0.00819077,0.00000000,0.02112027,0.01011263,0.02028708,0.00881740,0.00933040,0.00953665,0.00339968,0.02057742,0.01130510,0.01608520,0.02039071,0.00145999,0.02010887,0.00622068,0.01072121,0.00994520,0.01059550,0.01855990,0.00993899,0.01154856,0.01137968,0.02056961,0.00288459,0.01072853,0.00753193,0.00978832,0.01002819,0.00974396
0.02287844,0.02064866,0.00450748,0.01004191,0.02357708,0.00357681,0.01758929,0.02199259,0.00991845,0.01901958,0.00200335,0.00462672,0.03780909,0.01012422,0.02061066,0.02254399,0.00406317,0.01825213,0.00435421,0.00139352,0.00367747,0.00426807,0.00274914,0.00642450,0.00174976,0.01933263,0.03371610,0.01846965,0.00312311,0.00933785,0.01916816,0.00680337,0.01839733,0.02680883,0.00796052,0.02055663,0.02374375,0.01803828,0.00725922,0.01657844,0.01443204,0.01684599,0.01839463,0.00000000,0.01693168,0.00263199,0.01889251,0.01707559,0.01688710,0.02025100,0.00397387,0.02190669,0.00955983,0.00255657,0.01802663,0.00178318,0.01596134,0.01664378,0.01943944,0.01876317,0.00353721,0.02331341,0.02167501,0.01965227,0.00339034,0.02070093,0.01462110,0.01616494,0.02093037,0.01478787,0.02257536
0.00905600,0.00538609,0.02690629,0.02780648,0.01050603,0.02841080,0.00092332,0.00716305,0.01772786,0.00318534,0.02595521,0.02802947,0.03041092,0.01937346,0.00564516,0.01233034,0.02513611,0.00188105,0.02564802,0.02559747,0.02576643,0.02785968,0.02736812,0.01477635,0.02603720,0.00374551,0.02470715,0.00242067,0.02658162,0.03579611,0.00371318,0.03184467,0.00220100,0.01442269,0.02531442,0.00528227,0.00952201,0.00341063,0.03251096,0.00124717,0.00623081,0.00233870,0.01230456,0.02365431,0.00000000,0.02446969,0.00343868,0.00099098,0.00070093,0.01076200,0.02569742,0.00701348,0.02438460,0.02454016,0.01053533,0.02363086,0.00508464,0.00087521,0.00363694,0.00256094,0.02287788,0.00985645,0.00664124,0.00385707,0.02530394,0.01271488,0.00329501,0.00335202,0.00596367,0.00300337,0.00867791
0.02365552,0.02158886,0.00216657,0.00762413,0.02424583,0.00337641,0.01861357,0.02321049,0.00869783,0.02020709,0.00191028,0.00270170,0.03859692,0.00862627,0.02192304,0.02272460,0.00146724,0.01933490,0.00178050,0.00294448,0.00121292,0.00250574,0.00298963,0.00719732,0.00336863,0.02022138,0.03444037,0.01963318,0.00159457,0.00831797,0.02043097,0.00543965,0.01935852,0.02763583,0.00556703,0.02148765,0.02485478,0.01875186,0.00593181,0.01747146,0.01480325,0.01761088,0.01811400,0.00269828,0.01795650,0.00000000,0.01972873,0.01799638,0.01783476,0.02031851,0.00143332,0.02292136,0.00735940,0.00011056,0.01791825,0.00098742,0.01640946,0.01774969,0.02040201,0.01982643,0.00157674,0.02404398,0.02273387,0.02078540,0.00085336,0.02059286,0.01569467,0.01681922,0.02181034,0.01576045,0.02334245
0.00560464,0.00251525,0.02846561,0.02847782,0.00693025,0.03028177,0.00265617,0.00548700,0.01845206,0.00347354,0.02788065,0.02962806,0.02646125,0.01997722,0.00520093,0.00900385,0.02671825,0.00263515,0.02719432,0.02767144,0.02741576,0.02951059,0.02930931,0.01701463,0.02813218,0.00075024,0.02087304,0.00331860,0.02834932,0.03723872,0.00424192,0.03336249,0.00145018,0.01094366,0.02628214,0.00237181,0.00693602,0.00156328,0.03400529,0.00326320,0.00699797,0.00281804,0.01047543,0.02577090,0.00335754,0.02625038,0.00000000,0.00268691,0.00303180,0.00804415,0.02730125,0.00432453,0.02505763,0.02633122,0.00877567,0.02553236,0.00505372,0.00416195,0.00138608,0.00225434,0.02456152,0.00633981,0.00421921,0.00304466,0.02698578,0.01004536,0.00636702,0.00393950,0.00278172,0.00584154,0.00521441
0.00859798,0.00507374,0.02726368,0.02786466,0.00997975,0.02894297,0.00116414,0.00733050,0.01756892,0.00361640,0.02645009,0.02843077,0.03025808,0.01921747,0.00608608,0.01154950,0.02545941,0.00217355,0.02596925,0.02615589,0.02613326,0.02827903,0.02790702,0.01512573,0.02661809,0.00326107,0.02445865,0.00292777,0.02702007,0.03632117,0.00427993,0.03230536,0.00188291,0.01411482,0.02541298,0.00495000,0.00948119,0.00248778,0.03297801,0.00072997,0.00573951,0.00143458,0.01150861,0.02418283,0.00100459,0.02486069,0.00278961,0.00000000,0.00038089,0.00990744,0.02604350,0.00684385,0.02436569,0.02493751,0.00971164,0.02405480,0.00433564,0.00186920,0.00334828,0.00265017,0.02318723,0.00937110,0.00654767,0.00403757,0.02567307,0.01188488,0.00382125,0.00261422,0.00555591,0.00331280,0.00819765
0.00893239,0.00536186,0.02702751,0.02773875,0.01032889,0.02865765,0.00117468,0.00748436,0.01748563,0.00364291,0.02616865,0.02818417,0.03056678,0.01914073,0.00613143,0.01190688,0.02522842,0.00222494,0.02574066,0.02585539,0.02589033,0.02802619,0.02761683,0.01485353,0.02631256,0.00358188,0.02477758,0.00291368,0.02675735,0.03605995,0.00425878,0.03205207,0.00213757,0.01442892,0.02526128,0.00524273,0.00971197,0.00285518,0.03272481,0.00063330,0.00573878,0.00165814,0.01174804,0.02388543,0.00070964,0.02460604,0.00314369,0.00038040,0.00000000,0.01023261,0.02580699,0.00710129,0.02425560,0.02468112,0.00995707,0.02378753,0.00446827,0.00152589,0.00361738,0.00278726,0.02295320,0.00971224,0.00678139,0.00416267,0.02542792,0.01219607,0.00346827,0.00272115,0.00587042,0.00300073,0.00853562
0.00682586,0.00760917,0.02424345,0.02224106,0.00636282,0.02664193,0.00866748,0.01036853,0.01410421,0.00975034,0.02469290,0.02534757,0.02072785,0.01506035,0.01093376,0.00273286,0.02279862,0.00896731,0.02311838,0.02493191,0.02356423,0.02537933,0.02598599,0.01633861,0.02539859,0.00717528,0.01615013,0.00959936,0.02467533,0.03161788,0.01039604,0.02839920,0.00794712,0.00988738,0.02101306,0.00751947,0.01007318,0.00613106,0.02890280,0.00812314,0.00727423,0.00711292,0.00342073,0.02339570,0.00889963,0.02289696,0.00681287,0.00808201,0.00835791,0.00000000,0.02335201,0.00851697,0.01935989,0.02299321,0.00282107,0.02259569,0.00600986,0.00960325,0.00779307,0.00872099,0.02121137,0.00667776,0.00884968,0.00926060,0.02327650,0.00170186,0.01034886,0.00688147,0.00711117,0.00965478,0.00660346
0.02364844,0.02174566,0.00086533,0.00623211,0.02416253,0.00348395,0.01893819,0.02341363,0.00842204,0.02052738,0.00268040,0.00172762,0.03794604,0.00815541,0.02221920,0.02247201,0.00048800,0.01965123,0.00044225,0.00391508,0.00036579,0.00176261,0.00344491,0.00801804,0.00426850,0.02041696,0.03393720,0.01996894,0.00162823,0.00726313,0.02077147,0.00443419,0.01962359,0.02747687,0.00442280,0.02164497,0.02494266,0.01893805,0.00489782,0.01779378,0.01502664,0.01787244,0.01784073,0.00395589,0.01831089,0.00139177,0.01992384,0.01830620,0.01816309,0.02012171,0.00000000,0.02305164,0.00633148,0.00144057,0.01774754,0.00234998,0.01658775,0.01814588,0.02062103,0.02011303,0.00200910,0.02399836,0.02289119,0.02105851,0.00058137,0.02029049,0.01617144,0.01707008,0.02193114,0.01619448,0.02334475
0.00276920,0.00155482,0.02813707,0.02813565,0.00424351,0.02960569,0.00510917,0.00199599,0.01951214,0.00395844,0.02754285,0.02912430,0.01992068,0.02080175,0.00344780,0.00821650,0.02663808,0.00443883,0.02705091,0.02730129,0.02722307,0.02901304,0.02875134,0.01817641,0.02768098,0.00310764,0.01521341,0.00444708,0.02799282,0.03565981,0.00422687,0.03233225,0.00411239,0.00648669,0.02628103,0.00167985,0.00224329,0.00499078,0.03288626,0.00625122,0.00971341,0.00610294,0.01153717,0.02566907,0.00588243,0.02619813,0.00371477,0.00566242,0.00588291,0.00863831,0.02713345,0.00000000,0.02518919,0.02626449,0.01021632,0.02555145,0.00799074,0.00635192,0.00289231,0.00379948,0.02477561,0.00349966,0.00054404,0.00302542,0.02684898,0.01028757,0.00864493,0.00709793,0.00159832,0.00835778,0.00266797
0.02076124,0.01952052,0.00639192,0.00244714,0.02095928,0.00949799,0.01738991,0.02156789,0.00468613,0.01907283,0.00865873,0.00724770,0.03338831,0.00366230,0.02077790,0.01844543,0.00578019,0.01810764,0.00573429,0.00972118,0.00650064,0.00752607,0.00949542,0.00923256,0.01011905,0.01829480,0.02966252,0.01855531,0.00773304,0.01131336,0.01945028,0.00903598,0.01780598,0.02417687,0.00198794,0.01941508,0.02262598,0.01668047,0.00933136,0.01616542,0.01282382,0.01593642,0.01355010,0.00924644,0.01688223,0.00694326,0.01776743,0.01664071,0.01658665,0.01620832,0.00615176,0.02079243,0.00000000,0.00704387,0.01385723,0.00755104,0.01419745,0.01693459,0.01863283,0.01844326,0.00582818,0.02095616,0.02075784,0.01938894,0.00654247,0.01596947,0.01529270,0.01504629,0.01953900,0.01508246,0.02047997
0.02365851,0.02158961,0.00217985,0.00769385,0.02425135,0.00327084,0.01861573,0.02319855,0.00877843,0.02020079,0.00179524,0.00267387,0.03857242,0.00871115,0.02190940,0.02274739,0.00154320,0.01933385,0.00184216,0.00283063,0.00123686,0.00246275,0.00287487,0.00721801,0.00325208,0.02022608,0.03442566,0.01962863,0.00151880,0.00824947,0.02042144,0.00538619,0.01936192,0.02763034,0.00565184,0.02148888,0.02484420,0.01876490,0.00587721,0.01748006,0.01483347,0.01762384,0.01815735,0.00261388,0.01795957,0.00011026,0.01973604,0.01800323,0.01784085,0.02034880,0.00147956,0.02291735,0.00744587,0.00000000,0.01795759,0.00094812,0.01643487,0.01774998,0.02040379,0.01982539,0.00167536,0.02404785,0.02272857,0.02078032,0.00089021,0.02062726,0.01569887,0.01683716,0.02181286,0.01576840,0.02334630
0.00940481,0.00929428,0.02253470,0.02039861,0.00923813,0.02513998,0.00915355,0.01229026,0.01184090,0.01077014,0.02311906,0.02370010,0.02469255,0.01284574,0.01241318,0.00581400,0.02102818,0.00971623,0.02135437,0.02343749,0.02184571,0.02374635,0.02448031,0.01464468,0.02393742,0.00835319,0.01990377,0.01043334,0.02304303,0.03024929,0.01145485,0.02688320,0.00873231,0.01312878,0.01908888,0.00917593,0.01252637,0.00665847,0.02740730,0.00813709,0.00576755,0.00711338,0.00154146,0.02185264,0.00914171,0.02118759,0.00779884,0.00831286,0.00853381,0.00296015,0.02161212,0.01056941,0.01736766,0.02129162,0.00000000,0.02091747,0.00510178,0.00979086,0.00900026,0.00965701,0.01939822,0.00942226,0.01079589,0.01050439,0.02155373,0.00326291,0.00988574,0.00644650,0.00894420,0.00914256,0.00910887
0.02341787,0.02125629,0.00316716,0.00856477,0.02405682,0.00365474,0.01819469,0.02282353,0.00889935,0.01977067,0.00188165,0.00359842,0.03865394,0.00896557,0.02148308,0.02267845,0.00243464,0.01891271,0.00278012,0.00248331,0.00221402,0.00333365,0.00304530,0.00658406,0.00294410,0.01987762,0.03443714,0.01919259,0.00223212,0.00910990,0.01997667,0.00625777,0.01897430,0.02746124,0.00640024,0.02115597,0.02453274,0.01843462,0.00675390,0.01706983,0.01451550,0.01725295,0.01814453,0.00184740,0.01752410,0.00099785,0.01939177,0.01759692,0.01742360,0.02026295,0.00244569,0.02259169,0.00808814,0.00096073,0.01787665,0.00000000,0.01613119,0.01728863,0.02003846,0.01942003,0.00188993,0.02382983,0.02238658,0.02037674,0.00185840,0.02061069,0.01520110,0.01648053,0.02150158,0.01529848,0.02310181
0.00996463,0.00772969,0.02457851,0.02414621,0.01074452,0.02681533,0.00543622,0.01081800,0.01381155,0.00775936,0.02436164,0.02582804,0.03070271,0.01536998,0.01009310,0.00993525,0.02277598,0.00634782,0.02324154,0.02435439,0.02356475,0.02575564,0.02588578,0.01346588,0.02487439,0.00597481,0.02494476,0.00715389,0.02466264,0.03364868,0.00847998,0.02965898,0.00553524,0.01538075,0.02195614,0.00757651,0.01224846,0.00360884,0.03031018,0.00386050,0.00220339,0.00291904,0.00760932,0.02241744,0.00511172,0.02248057,0.00520341,0.00429970,0.00443689,0.00730620,0.02340313,0.00957789,0.02061590,0.02257637,0.00591084,0.02186838,0.00000000,0.00571925,0.00652807,0.00659379,0.02062046,0.01046256,0.00953352,0.00788729,0.02314715,0.00890797,0.00554849,0.00174346,0.00778390,0.00468597,0.00953667
0.00963085,0.00594056,0.02623820,0.02739158,0.01109823,0.02759099,0.00156303,0.00735360,0.01756603,0.00329365,0.02518107,0.02731815,0.03060280,0.01919886,0.00563601,0.01298791,0.02450735,0.00225234,0.02501779,0.02477537,0.02509759,0.02713458,0.02654969,0.01420083,0.02519457,0.00442838,0.02500587,0.00252536,0.02584893,0.03493689,0.00365215,0.03106147,0.00288345,0.01485217,0.02487708,0.00585021,0.00983068,0.00421264,0.03171859,0.00187515,0.00648784,0.00305153,0.01283007,0.02286893,0.00086079,0.02378928,0.00419229,0.00181350,0.00148231,0.01142149,0.02504620,0.00744845,0.02405715,0.02385410,0.01109751,0.02292915,0.00559521,0.00000000,0.00422985,0.00299500,0.02227517,0.01043570,0.00703310,0.00413781,0.02463613,0.01332981,0.00277998,0.00389798,0.00655837,0.00271540,0.00926925
0.00525716,0.00166444,0.02867677,0.02892802,0.00675453,0.03030521,0.00260300,0.00406057,0.01917901,0.00235584,0.02796519,0.02978627,0.02551409,0.02068320,0.00374286,0.00957922,0.02697899,0.00206995,0.02745184,0.02769170,0.02762935,0.02965307,0.02933506,0.01733864,0.02812418,0.00072097,0.02010325,0.00246955,0.02848537,0.03719740,0.00305403,0.03342473,0.00139282,0.01027795,0.02673301,0.00156949,0.00577416,0.00283845,0.03405452,0.00381112,0.00798354,0.00374195,0.01151363,0.02583991,0.00346045,0.02645310,0.00135069,0.00314266,0.00339956,0.00896656,0.02753514,0.00328109,0.02560716,0.02652707,0.00986899,0.02571018,0.00617839,0.00409202,0.00000000,0.00141103,0.02485725,0.00606117,0.00303208,0.00169365,0.02720169,0.01092457,0.00658666,0.00493805,0.00226467,0.00621609,0.00492602
0.00667976,0.00297092,0.02825703,0.02889346,0.00822252,0.02973349,0.00158688,0.00445517,0.01912647,0.00123285,0.02737584,0.02934535,0.02703554,0.02067942,0.00334404,0.01097639,0.02655350,0.00073463,0.02704131,0.02703016,0.02717136,0.02918829,0.02873269,0.01664356,0.02745010,0.00195055,0.02159630,0.00109223,0.02796960,0.03680737,0.00199317,0.03301064,0.00104592,0.01164226,0.02657635,0.00290668,0.00669454,0.00332426,0.03364953,0.00318952,0.00787005,0.00356092,0.01237676,0.02516520,0.00245858,0.02593793,0.00221653,0.00250979,0.00264298,0.01012443,0.02709826,0.00434895,0.02557451,0.02600681,0.01068433,0.02514071,0.00629669,0.00292346,0.00142371,0.00000000,0.02439161,0.00750504,0.00394555,0.00131407,0.02673000,0.01209020,0.00558474,0.00480673,0.00366027,0.00534147,0.00636007
0.02324015,0.02117333,0.00307919,0.00717910,0.02381317,0.00515002,0.01815463,0.02295398,0.00741703,0.01985977,0.00359064,0.00396644,0.03867307,0.00737478,0.02167611,0.02211272,0.00174742,0.01891923,0.00216168,0.00447966,0.00223879,0.00390589,0.00474596,0.00649366,0.00494865,0.01974830,0.03435783,0.01926088,0.00321584,0.00992252,0.02012393,0.00688816,0.01889169,0.02735960,0.00483217,0.02106573,0.02459845,0.01817255,0.00739074,0.01692895,0.01399866,0.01702054,0.01725637,0.00377610,0.01748187,0.00164187,0.01922196,0.01747832,0.01732398,0.01960025,0.00215453,0.02257217,0.00643266,0.00174929,0.01708264,0.00194742,0.01567343,0.01730650,0.01996311,0.01941461,0.00000000,0.02362487,0.02239725,0.02042837,0.00192620,0.01985116,0.01519190,0.01616655,0.02137792,0.01521283,0.02291428
0.00069813,0.00371112,0.02716548,0.02635450,0.00069671,0.02888252,0.00703357,0.00499327,0.01838582,0.00658750,0.02697338,0.02814076,0.01607024,0.01947508,0.00645209,0.00502853,0.02576827,0.00666028,0.02612446,0.02690551,0.02638739,0.02808766,0.02814354,0.01840157,0.02729269,0.00476614,0.01160529,0.00689451,0.02723682,0.03420113,0.00697296,0.03110870,0.00598721,0.00381789,0.02487282,0.00374539,0.00362243,0.00577719,0.03161194,0.00765756,0.00982251,0.00713501,0.00942856,0.02539319,0.00768461,0.02554549,0.00506230,0.00720726,0.00747916,0.00629583,0.02625806,0.00325314,0.02359927,0.02561881,0.00846598,0.02505335,0.00811395,0.00827254,0.00496662,0.00609495,0.02410452,0.00000000,0.00375665,0.00574003,0.02606476,0.00757873,0.01014613,0.00779183,0.00312254,0.00971583,0.00093032
0.00333002,0.00154266,0.02814015,0.02827627,0.00481615,0.02955710,0.00482854,0.00156643,0.01960371,0.00352498,0.02748112,0.02912308,0.02052175,0.02091714,0.00292345,0.00872969,0.02663364,0.00410459,0.02705341,0.02721141,0.02720893,0.02900262,0.02868845,0.01804405,0.02758740,0.00301072,0.01579895,0.00405086,0.02796005,0.03569920,0.00375364,0.03235181,0.00388559,0.00701606,0.02637078,0.00167112,0.00244433,0.00497631,0.03291105,0.00605601,0.00969873,0.00599295,0.01186527,0.02556925,0.00560787,0.02615945,0.00364880,0.00545398,0.00565587,0.00903643,0.02712668,0.00054771,0.02531722,0.02622418,0.01050577,0.02549059,0.00800747,0.00603825,0.00269086,0.00347034,0.02474975,0.00406863,0.00000000,0.00259798,0.02682850,0.01071760,0.00837841,0.00702790,0.00180915,0.00812560,0.00321558
0.00592793,0.00243536,0.02817745,0.02882079,0.00749230,0.02953253,0.00273217,0.00302823,0.01949666,0.00102327,0.02728548,0.02920763,0.02505964,0.02097534,0.00204870,0.01073178,0.02655481,0.00181068,0.02702251,0.02692508,0.02713468,0.02905152,0.02856892,0.01704981,0.02731737,0.00232314,0.01991400,0.00158534,0.02787671,0.03632111,0.00147668,0.03270219,0.00214595,0.01038430,0.02661032,0.00243680,0.00533491,0.00416720,0.03331256,0.00429516,0.00874476,0.00461824,0.01268297,0.02514850,0.00353302,0.02594504,0.00285626,0.00364828,0.00376611,0.01025768,0.02707053,0.00330409,0.02565245,0.02600895,0.01108870,0.02516910,0.00718638,0.00385368,0.00163048,0.00125379,0.02448785,0.00674376,0.00281823,0.00000000,0.02671108,0.01214277,0.00643894,0.00581003,0.00318075,0.00627392,0.00567664
0.02371341,0.02174190,0.00130516,0.00683670,0.02425987,0.00325737,0.01886507,0.02338501,0.00860729,0.02045242,0.00221620,0.00196414,0.03826311,0.00841840,0.02215094,0.02264461,0.00079876,0.01958023,0.00098801,0.00342170,0.00036612,0.00186890,0.00309360,0.00773910,0.00379643,0.02039869,0.03419819,0.01988829,0.00134631,0.00756682,0.02068657,0.00471258,0.01957586,0.02760091,0.00493461,0.02164118,0.02496260,0.01892686,0.00519146,0.01772419,0.01500532,0.01782985,0.01802700,0.00341153,0.01822569,0.00083760,0.01990679,0.01824116,0.01809001,0.02027376,0.00058766,0.02305687,0.00680649,0.00087614,0.01789118,0.00180500,0.01658391,0.01804200,0.02059182,0.02005446,0.00181562,0.02407955,0.02288463,0.02100381,0.00000000,0.02048657,0.01603528,0.01703368,0.02194304,0.01607779,0.02340619
0.00779076,0.00874256,0.02296629,0.02061543,0.00717680,0.02539754,0.00971075,0.01131395,0.01321714,0.01077285,0.02360237,0.02402114,0.01958535,0.01399968,0.01188670,0.00301110,0.02163265,0.01001973,0.02190984,0.02391856,0.02238429,0.02408134,0.02482476,0.01605834,0.02437007,0.00835360,0.01540500,0.01062068,0.02349121,0.02982734,0.01138163,0.02683795,0.00906243,0.01023146,0.01963572,0.00866078,0.01091378,0.00732341,0.02729808,0.00912486,0.00786579,0.00816968,0.00273143,0.02250626,0.00989500,0.02183870,0.00800644,0.00912382,0.00937466,0.00160158,0.02216031,0.00954538,0.01795062,0.02193443,0.00292637,0.02162915,0.00689566,0.01054735,0.00893533,0.00980061,0.02021702,0.00756482,0.00987762,0.01031649,0.02213486,0.00000000,0.01110495,0.00785504,0.00825776,0.01044230,0.00761266
0.01201746,0.00850550,0.02345806,0.02493466,0.01335019,0.02475321,0.00413629,0.01010905,0.01534237,0.00604819,0.02234997,0.02451873,0.03298336,0.01699018,0.00833088,0.01437169,0.02173999,0.00498866,0.02225421,0.02194411,0.02230776,0.02432633,0.02371305,0.01140208,0.02236445,0.00682668,0.02737138,0.00528623,0.02303082,0.03210620,0.00633609,0.02824661,0.00536540,0.01733845,0.02232991,0.00839867,0.01254926,0.00581148,0.02890296,0.00316875,0.00530552,0.00412373,0.01280811,0.02004163,0.00323296,0.02098466,0.00639808,0.00369851,0.00336115,0.01227880,0.02226751,0.01011303,0.02167269,0.02104712,0.01117823,0.02011230,0.00541516,0.00277333,0.00679221,0.00570772,0.01950666,0.01276857,0.00973545,0.00689713,0.02184358,0.01400091,0.00000000,0.00411408,0.00903763,0.00084234,0.01163188
0.00958662,0.00675571,0.02569646,0.02577106,0.01063782,0.02770935,0.00380554,0.00962719,0.01531453,0.00623175,0.02519999,0.02692584,0.03113008,0.01694616,0.00866839,0.01079322,0.02386583,0.00477931,0.02435956,0.02506364,0.02461235,0.02681530,0.02671752,0.01391009,0.02556626,0.00486997,0.02526248,0.00557476,0.02562876,0.03489150,0.00693429,0.03083311,0.00409988,0.01519690,0.02341494,0.00660577,0.01138146,0.00269314,0.03150363,0.00215253,0.00328744,0.00132976,0.00936573,0.02307906,0.00342563,0.02342322,0.00412330,0.00263545,0.00274674,0.00850425,0.02448215,0.00864853,0.02221002,0.02351171,0.00759239,0.02271166,0.00177231,0.00405032,0.00530387,0.00511682,0.02162117,0.01021345,0.00850572,0.00648222,0.02416833,0.01031523,0.00428513,0.00000000,0.00697287,0.00342963,0.00915322
0.00281111,0.00072943,0.02854377,0.02834279,0.00425706,0.03023535,0.00454324,0.00352235,0.01915747,0.00402603,0.02803966,0.02961503,0.02183303,0.02051482,0.00438877,0.00759376,0.02694444,0.00405619,0.02737583,0.02784745,0.02759288,0.02951346,0.02934687,0.01810303,0.02826730,0.00202143,0.01674804,0.00432889,0.02846037,0.03657509,0.00453975,0.03302948,0.00335981,0.00755613,0.02641338,0.00073104,0.00398799,0.00377036,0.03361600,0.00547470,0.00879428,0.00511572,0.01063453,0.02610932,0.00532503,0.02653857,0.00254386,0.00489375,0.00517738,0.00767839,0.02748208,0.00170157,0.02519976,0.02661352,0.00920387,0.02588943,0.00691352,0.00595416,0.00212528,0.00340437,0.02498053,0.00357615,0.00191309,0.00310062,0.02720253,0.00947474,0.00822470,0.00609237,0.00000000,0.00781161,0.00251168
0.01170971,0.00825089,0.02391202,0.02512158,0.01300664,0.02538001,0.00391203,0.01014165,0.01523511,0.00607663,0.02292694,0.02502116,0.03303780,0.01690578,0.00848040,0.01384269,0.02214969,0.00486865,0.02266560,0.02257901,0.02276279,0.02484446,0.02433992,0.01176018,0.02302307,0.00647757,0.02731476,0.00529378,0.02355856,0.03277164,0.00646708,0.02882857,0.00506389,0.01716507,0.02253261,0.00813295,0.01249820,0.00523197,0.02949497,0.00263864,0.00463853,0.00347563,0.01218855,0.02063686,0.00300011,0.02145374,0.00597621,0.00326439,0.00296065,0.01166247,0.02270256,0.00995395,0.02176134,0.02152271,0.01052487,0.02060724,0.00465609,0.00275790,0.00652602,0.00555782,0.01988683,0.01244820,0.00961247,0.00684192,0.02229761,0.01340357,0.00085757,0.00335228,0.00873896,0.00000000,0.01130830
0.00034777,0.00291494,0.02766096,0.02699433,0.00161652,0.02939012,0.00638741,0.00449529,0.01863479,0.00593054,0.02739084,0.02867008,0.01773916,0.01980354,0.00589120,0.00558018,0.02619928,0.00599088,0.02657771,0.02729240,0.02683223,0.02860453,0.02860695,0.01839413,0.02769176,0.00402080,0.01307722,0.00624019,0.02769524,0.03501441,0.00634946,0.03177869,0.00529415,0.00482668,0.02538474,0.00294710,0.00346802,0.00517031,0.03230762,0.00707480,0.00951679,0.00656765,0.00966446,0.02570900,0.00707384,0.02592947,0.00435327,0.00659187,0.00687239,0.00650927,0.02670604,0.00259297,0.02411322,0.02600399,0.00855708,0.02539394,0.00773269,0.00768247,0.00422026,0.00540031,0.02444412,0.00097268,0.00310421,0.00505176,0.02648959,0.00797395,0.00966378,0.00730096,0.00229296,0.00922805,0.00000000
